--Insert Data into Car
insert into KeliesMathewSoper.dbo.Car values(00001,'Porsche',50000,'abc','Blue','2000','It is car')
insert into KeliesMathewSoper.dbo.Car values(00002,'Ferrari',10000,'abc','Blue','2000','It is car')
insert into KeliesMathewSoper.dbo.Car values(00003,'Lagborghini',50000,'abc','Blue','2000','It is car')
insert into KeliesMathewSoper.dbo.Car values(00004,'luxury',10000,'abc','Blue','2000','It is car')
insert into KeliesMathewSoper.dbo.Car values(00005,'Mercedes',10000,'abc','Blue','2000','It is car')
insert into KeliesMathewSoper.dbo.Car values(00006,'American Classic',10000,'abc','Blue','2000','It is car')
insert into KeliesMathewSoper.dbo.Car values(00007,'Chevis',10000,'abc','Blue','2000','It is car')
insert into KeliesMathewSoper.dbo.Car values(00008,'Thunderbirds',10000,'abc','Blue','2000','It is car')


--insert Data into SalesPersonTable

insert into KeliesMathewSoper.dbo.SalesPerson  values(00001,'Jacob',0226849,'Jacob@gmail.com','Los Angeles')
insert into KeliesMathewSoper.dbo.SalesPerson  values(00002,'Mason',0226849,'Mason@gmail.com','Los Angeles')
insert into KeliesMathewSoper.dbo.SalesPerson  values(00003,'William',0226849,'William@gmail.com','Los Angeles')
insert into KeliesMathewSoper.dbo.SalesPerson  values(00004,'Jayden',0226849,'Jayden@gmail.com','Los Angeles')
insert into KeliesMathewSoper.dbo.SalesPerson  values(00005,'Noah',0226849,'Noah@gmail.com','Los Angeles')
insert into KeliesMathewSoper.dbo.SalesPerson  values(00006,'Michael',0226849,'Michael@gmail.com','Los Angeles')
insert into KeliesMathewSoper.dbo.SalesPerson  values(00007,'Ethan',0226849,'Ethan@gmail.com','Los Angeles')
insert into KeliesMathewSoper.dbo.SalesPerson  values(00008,'Porsche',0226849,'abc@gmail.com','Los Angeles')


--insert Data into SalesPersonTable

insert into KeliesMathewSoper.dbo.Customer  values(00001,'David',0226849,'David@gmail.com','4400','Los Angeles')
insert into KeliesMathewSoper.dbo.Customer  values(00002,'Benjamin',0226849,'Benjamin@gmail.com','4400','Los Angeles')
insert into KeliesMathewSoper.dbo.Customer  values(00003,'Logan',0226849,'Logan@gmail.com','4400','Los Angeles')
insert into KeliesMathewSoper.dbo.Customer  values(00004,'Christopher',0226849,'Christopher@gmail.com','4500','Los Angeles')
insert into KeliesMathewSoper.dbo.Customer  values(00005,'Joseph',0226849,'Joseph@gmail.com','4500','Los Angeles')
insert into KeliesMathewSoper.dbo.Customer  values(00006,'Michael',0226849,'Michael@gmail.com','4600','Los Angeles')
insert into KeliesMathewSoper.dbo.Customer  values(00007,'Jackson',0226849,'Jackson@gmail.com','4500','Los Angeles')
insert into KeliesMathewSoper.dbo.Customer  values(00008,'Gabriel',0226849,'Gabriel@gmail.com','4600','Los Angeles')

--insert Data into Showroom

insert into KeliesMathewSoper.dbo.Showroom   values('MethewScoper',00001)
insert into KeliesMathewSoper.dbo.Showroom   values('MethewScoper',00002)
insert into KeliesMathewSoper.dbo.Showroom   values('MethewScoper',00003)
insert into KeliesMathewSoper.dbo.Showroom   values('MethewScoper',00004)
insert into KeliesMathewSoper.dbo.Showroom   values('MethewScoper',00005)
insert into KeliesMathewSoper.dbo.Showroom   values('MethewScoper',00006)
insert into KeliesMathewSoper.dbo.Showroom   values('MethewScoper',00007)
insert into KeliesMathewSoper.dbo.Showroom   values('MethewScoper',00008)


--insert Data into Sale

insert into KeliesMathewSoper.dbo.Sale   values(00001,100000,00001,'01/04/2018',00001,1000)
insert into KeliesMathewSoper.dbo.Sale   values(00001,100000,00002,'01/04/2018',00002,1000)
insert into KeliesMathewSoper.dbo.Sale   values(00001,100000,00003,'01/04/2018',00003,1000)
insert into KeliesMathewSoper.dbo.Sale   values(00001,100000,00004,'01/04/2018',00004,1000)
insert into KeliesMathewSoper.dbo.Sale   values(00002,100000,00005,'01/04/2018',00005,1000)
insert into KeliesMathewSoper.dbo.Sale   values(00002,100000,00006,'01/04/2018',00006,1000)
insert into KeliesMathewSoper.dbo.Sale   values(00002,100000,00007,'01/04/2018',00007,1000)
insert into KeliesMathewSoper.dbo.Sale   values(00002,100000,00008,'01/04/2018',00008,1000)

--insert Data into Buyer
/*
insert into KeliesMathewSoper.dbo.buy   values(00001,100000,00001,'01/04/2018')
insert into KeliesMathewSoper.dbo.buy   values(00002,100000,00002,'01/04/2018')
insert into KeliesMathewSoper.dbo.buy   values(00003,100000,00003,'01/04/2018')
insert into KeliesMathewSoper.dbo.buy   values(00004,100000,00004,'01/04/2018')
insert into KeliesMathewSoper.dbo.buy   values(00005,100000,00005,'01/04/2018')
insert into KeliesMathewSoper.dbo.buy   values(00006,100000,00006,'01/04/2018')
insert into KeliesMathewSoper.dbo.buy   values(00007,100000,00007,'01/04/2018')
insert into KeliesMathewSoper.dbo.buy   values(00008,100000,00008,'01/04/2018')

*/